1	Dansk	English	Norsk	
2	Vælg aktivt sprog	Select active language	Velg aktivt språk	
3	Gem	Save	Perle	
4	Nyt sprog	New language	Nytt språk	
5	Annullér	Cancel	Avbryt	
6	Jobnr.:	Job no .:	Jobbnr:	
7	Felt 1	Field 1	Felt 1	
8	Felt 2	Field 2	Felt 2	
9	Felt 3	Field 3	Felt 3	
10	Felt 4	Field 4	Felt 4	
11	Felt 5	Field 5	Felt 5	
12	Felt 6	Field 6	Felt 6	
13	Felt 7	Field 7	Felt 7	
14	Felt 8	Field 8	Felt 8	
15	Felt 9	Field 9	Felt 9	
16	Felt 10	Field 10	Felt 10	
17	Bemærkning 1	Note 1	Merknad 1	
18	Tabelfelt 1	Table field 1	Tabellfelt 1	
19	Tabelfelt 2	Table field 2	Tabellfelt 2	
20	Tabelfelt 3	Table field 3	Tabellfelt 3	
21	Tabelfelt 4	Table 4	Tabell 4	
22	Tabelfelt 5	Table field 5	Tabellfelt 5	
23	Tabelfelt 6	Table field 6	Tabellfelt 6	
24	Bemærkning 2	Note 2	Notat 2	
25	Bemærkning 3	Note 3	Merknad 3	
26	Bemærkning 4	Note 4	Merknad 4	
27	Planlagt til uge:	Scheduled for week:	Planlagt for uken:	
28	Firmanavn	Company name	Selskapsnavn	
29	Jobkort	Job card	Jobbkort	
30	Luk	close	Lukk	
31	Nuværende tekst	Current text	Gjeldende tekst	
32	Ny tekst	New text	Ny tekst	
33	Skriv nyt tekstforslag	Write new text suggestion	Skriv nytt tekstforslag	
34	Debitorliste	Debtor list	Gjeldeliste	
35	Kunde	Customer	Kunde	
36	Postnr.	ZIP code.	Post kode.	
37	Telefon	Telephone	Telefon	
38	Jobliste	Job list	Stillingsliste	
39	Ny	New	Ny	
40	Skriv et nummer for at søge på et enkelt nr. eller to numre adskilt af : (f.eks 23:44) for at søge i et interval	Enter a number to search for a single number or two numbers separated by: (eg 23:44) to search an interval	Skriv inn et tall for å søke etter et enkelt nummer eller to tall atskilt med: (f.eks. 23:44) for å søke i et intervall	
41	Skriv en tekst eller en deltekst. Der kan anvendes * før og efter teksten	Write a text or a subtitle. Can be used * before and after the text	Skriv en tekst eller en undertekst. Den kan brukes * før og etter teksten	
42	Afmærk de felter som skal eksporteres.	Mark the fields to be exported.	Merk feltene som skal eksporteres.	
43	Kontonr.	Account no.	Kontonr.	
44	Adresse 1	Address 1	Adresse 1	
45	Adresse 2	Address 2	adresse 2	
46	By	Town	By	
47	Land	Country	Land	
48	Cvrnr.	Cvrnr.	Cvrnr.	
49	Tlf	Tel	Tlf	
50	Fax	Fax	Faks	
51	Web	Web	Internett	
52	Email	Email	E-post	
53	Erh	IsH	Er H	
54	Ean	Ean	Ean	
55	Institution	Institution	Institusjon	
56	Betalingsbet.	Payment bet.	Betalingssatsing.	
57	Betalingsdage	Payment days	Betalingsdager	
58	Bank_navn	Bank name	Bank navn	
59	Bank_reg	Bank_reg	Bank_reg	
60	Bank_konto	Bank_account	Bankkonto	
61	Bank_fi	Bank_fi	Bank_fi	
62	Swift	Swift	Fort	
63	Gruppe	Group	Gruppe	
64	Kontoansvarlig	Account manager	Kontosjef	
65	Oprettet	Created	Laget	
66	Kontaktet	Contacted	Kontaktet	
67	Kontaktes	Contact	Ta kontakt med	
68	Vælg om det originale fakturanummer skal genanvendes	or a new one must be generated	Velg om du vil bruke det opprinnelige fakturanummeret på nytt	
69	Brug originalt ordrenummer	Use original order number	Bruk original ordrenummer	
70	Ordrenummer kopieres fra den oprindelige faktura	Order number is copied from the original invoice	Bestillingsnummer kopieres fra originalfakturaen	
71	Der genereres nyt ordrenummer	A new order number is generated	Et nytt ordrenummer genereres	
72	Vælg om der skal bogføres og udskrives	or whether orders should be left open.	Velg om du vil legge ut og skrive ut	
73	Gennemfør komplet fakturering	Complete billing	Fullstendig fakturering	
74	Fakturaer kopieres til ny ordre	posted and printed.	Fakturaer kopieres til ny ordre	 posted and printed.
75	Fakturaer kopieres til ny ordre og efterlades åbne.	Invoices are copied to new order and left open.	Fakturaer kopieres til ny ordre og blir åpne.	
76	"Vælg om datoen skal hentes fra ""Nextfakt""-feltet, eller dags dato skal anvendes"	"Select whether the date is to be retrieved from the ""Next fact"" field, or the day's date is to be used"	"Velg om datoen skal hentes fra ""Neste faktum"" -feltet, eller om dagsdatoen skal brukes"	
77	Brug forvalgt fakturadato	Use default invoice date	Bruk standard fakturadato	
78	"Fakturadato fra ""Nextfakt""-felt anvendes"	"Invoice date from ""Next fact"" field is used"	"Fakturadato fra feltet ""Neste faktum"" brukes"	
79	Dags dato anvendes som fakturadato	Today's date is used as the invoice date	Dagens dato brukes som fakturadato	
80	Ok	OK	OK	
81	Afbryd	Disconnect	Koble fra	
82	Genfakturering	Re-invoicing	Re-fakturering	
83	Ja	Yes	Ja	
84	Nej	No	Nei	
85	Vælg om priser skal opdateres fra varekort eller overføres uændrede.	Choose whether prices are to be updated from product cards or transferred unchanged.	Velg om prisene skal oppdateres fra produktkort eller overføres uendret.	
86	Opdater priser.	Update prices.	Oppdater priser.	
87	Priser opdateres fra vareliste	Prices are updated from item list	Prisene oppdateres fra varelisten	
88	Priser forbliver uændrede.	Prices remain unchanged.	Prisene forblir uendret.	
89	Vælg alle	Select all	Velg alle	
90	Fravælg alle	Deselect all	Opphev alle	
91	Her finder du det	which relates to the accounts themselves.	Her finner du det	
92	Vejledning	Guidance	Veiledning	
93	Log ud	log out	Logg ut	
94	<big><big><big><b>= SALDI =</b></big></big></big>	<big><big> <big> <b> = SALDI = </b> </big> </big> </big>	<big><big> <big> <b> = BALANCE = </b> </big> </big> </big>	
95	<b>FINANS</b>	<b> FINANCE </b>	<b> ØKONOMI </b>	
96	Her finder du det	 which pertains to your customers.	Her finner du det	
97	Her finder du det	 which pertains to your suppliers.	Her finner du det	
98	Klik her når du skal bogføre eller ompostere.	Click here to post or repost.	Klikk her for å legge ut eller legge om.	
99	<b>DEBITOR</b>	<b> DEBITOR </b>	<b> DEBITOR </b>	
100	<b>KREDITOR</b>	<b> CREDITOR </b>	<b> KREDITOR </b>	
101	Her finder du det	which pertains to your goods.	Her finner du det	
102	<b>LAGER</b>	<b> STOCK </b>	<b> LAGER </b>	
103	Her foretager du opsætning af regnskabet.	Here you set up the accounts.	Her setter du opp kontoene.	
104	<b>SYSTEMDATA</b>	<b> SYSTEM DATA </b>	<b> SYSTEMDATA </b>	
105	Kassekladder	Cash drafts	Kontantutkast	
106	Klik her når du skal oprette salgsordrer eller fakturaer til kunder.	Click here to create sales orders or invoices for customers.	Klikk her for å opprette salgsordrer eller fakturaer for kunder.	
107	Ordrer	Orders	Ordrene	
108	Klik her når du skal oprette indkøbsordrer eller modtage varer til videresalg.	Click here to create purchase orders or receive items for resale.	Klikk her for å opprette innkjøpsordrer eller motta varer for videresalg.	
109	Klik her når du skal oprette varer eller generere indkøbsforslag.	Click here when you need to create items or generate purchase proposals.	Klikk her når du trenger å lage varer eller generere innkjøpsforslag.	
110	Varer	Goods	Varer	
111	Beholdningsliste	Inventory list	Innholdsfortegnelse	
112	Klik her for at se eller rette i kontoplanen.	Click here to view or correct the chart of accounts.	Klikk her for å se eller korrigere kontoplanen.	
113	Kontoplan	Chart of Accounts	Kontooversikt	
114	Klik her for at se en månedsopdelt regnskabsoversigt.	Click here to see a monthly financial statement.	Klikk her for å se en månedlig regnskap.	
115	Regnskab	Financial Accounting	Finansregnskap	
116	Klik her for at komme til kundeliste	 history and job cards.	Klikk her for å komme til kundelisten	
117	Konti	Accounts	Kontoer	
118	Klik her for at komme til leverandørliste.	Click here to get to supplier list.	Klikk her for å komme til leverandørlisten.	
119	Klik her for at tilføje eller rette i enheder og materialer.	Click here to add or correct devices and materials.	Klikk her for å legge til eller korrigere enheter og materialer.	
120	Enh./mat.	Enh./mat.	Enh./mat.	
121	Klik her for at rette i forskellige indstillinger for moms	customer-	Klikk her for å korrigere forskjellige momsinnstillinger	
122	Indstillinger	Settings	Innstillinger	
123	Klik her for momsrapport	income statement	Klikk her for merverdiavgiftsrapport	
124	Rapporter	Reports	Rapporter	
125	Klik her for at se åbne poster og kontokort for dine kunder. Her kan du også skrive rykkere og få en oversigt over de 100 kunder med med største omsætning.	Click here to see open records and credit cards for your customers. Here you can also write reminders and get an overview of the 100 customers with the largest turnover.	Klikk her for å se åpne poster og kredittkort for kundene dine. Her kan du også skrive påminnelser og få oversikt over de 100 kundene med størst omsetning.	
126	Klik her for at se åbne poster og kontokort for dine leverandører. Her kan du også lave betalingslister til banken.	Click here to see open records and credit cards for your suppliers. Here you can also make payment lists for the bank.	Klikk her for å se åpne poster og kredittkort for leverandørene dine. Her kan du også lage betalingslister for banken.	
127	Klik ker for at få overblik over dit vareflow og se beholdning for dit lager på et vilkårligt tidspunkt.	Click to get an overview of your item flow and see stock for your stock at any time.	Klikk for å få en oversikt over varestrømmen din og se lager for lageret ditt når som helst.	
128	Her kan du gemme en sikkerhedskopi af hele dit regnskab	or load a previously saved backup.	Her kan du lagre en sikkerhetskopi av hele kontoene dine	
129	Vis fakturaliste.	Show invoice list.	Vis fakturaliste.	
130	Vis historik.	View history.	Vis historie.	
131	Historik	History	Historie	
132	Vis Kontokort.	View Credit Card.	Vis kredittkort.	
133	Kontokort	Credit card	Kredittkort	
134	Fakturaliste	Invoice list	Fakturaliste	
135	Klik her for at sortere på kontonummer.	Click here to sort by account number.	Klikk her for å sortere etter kontonummer.	
136	Kontonummer	Account number	Kontonummer	
137	Klik her for at sortere på navn.	Click here to sort by name.	Klikk her for å sortere etter navn.	
138	Navn	Name	Navn	
139	Klik her for at sortere på adresse.	Click here to sort by address.	Klikk her for å sortere etter adresse.	
140	Adresse	Address	Adresse	
141	Klik her for at sortere på adresse 2.	Click here to sort by address 2.	Klikk her for å sortere etter adresse 2.	
142	Adresse 2	Address 2	adresse 2	
143	Klik her for at sortere på postnr.	Click here to sort by postal code.	Klikk her for å sortere etter postnummer	
144	Postnr	ZIP code	post kode	
145	Klik her for at sortere på by.	Click here to sort by city.	Klikk her for å sortere etter by.	
146	By	Town	By	
147	Klik her for at sortere på kontaktperson.	Click here to sort by contact person.	Klikk her for å sortere etter kontaktperson.	
148	Kontaktperson	Contact person	Kontaktperson	
149	Klik her for at sortere på telefonnummer.	Click here to sort by phone number.	Klikk her for å sortere etter telefonnummer.	
150	Telefon.	Telephone.	Telefon.	
151	Kundeansvarlig - Klik her for at sortere på dette felt	Customer Manager - Click here to sort in this field	Customer Manager - Klikk her for å sortere i dette feltet	
152	Kua.	Kua.	Ku.	
153	Klik her for at åbne kundekortet.	Click here to open the customer card.	Klikk her for å åpne kundekortet.	
154	Dine ændringer er ikke blevet gemt! Tryk OK for at forlade siden uden at gemme.	Your changes have not been saved! Press OK to exit the page without saving.	Endringene dine er ikke lagret! Trykk på OK for å avslutte siden uten å lagre.	
155	Vil du slette denne ordre?	Do you want to delete this order?	Vil du slette denne bestillingen?	
156	Klik her for at slette hele ordren. Hvis du blot vil slette en ordrelinje skal du sætte - (minus) som pos.nr.	Click here to delete the entire order. If you just want to delete an order line	Klikk her for å slette hele bestillingen. Hvis du bare vil slette en ordrelinje, må du sette - (minus) som varenr.	
157	Kontonummer for samlekonto | kreditorgruppe ikke gyldig - (Indstillinger -> Deb/Kred-grp)	Account number for collective account | creditor group not valid - (Settings -> Deb / Credit Group)	Kontonummer på kundefordringer | kreditorgruppe ikke gyldig - (Innstillinger -> Deb / kredittgruppe)	
158	Klik på kladde_id for den kassekladde som posteringen skal tilbageføres til.	Click on draft_id for the cash journal to which the entry is to be returned.	Klikk på draft_id for kontantjournalen som oppføringen skal returneres til.	
159	Fortryd	Undo	Angre	
160	<- Klik her for at fortryde.	<- Click here to undo.	<- Klikk her for å angre.	
161	Klik her hvis du vil logge ud af SALDI	Click here to log out of SALDI	Klikk her for å logge av SALDI	
162	Tvungen valg af debitorgruppe på debitorkort	Forced selection of debtor group on debtor card	Tvunget utvalg av debitorgruppe på debitorkort	
163	Tvungen valg af kundeansvarlig på debitorkort	Forced choice of customer manager on debtor card	Tvunget valg av kundesjef på debitorkort	
164	Medtag kommentarer på følgesedler	Include comments on delivery notes	Inkluder kommentarer på følgesedler	
165	Anvend hurtigfakturering (ingen tilbud & automatisk levering ved fakturering)	Use fast invoicing (no offer & automatic delivery when invoicing)	Bruk rask fakturering (ingen tilbud og automatisk levering ved fakturering)	
166	Omgående bogføring af salgsordrer	Immediate posting of sales orders	Umiddelbar postering av salgsordrer	
167	Integration med DocuBizz	Integration with DocuBizz	Integrasjon med DocuBizz	
168	Brug jobkort	Use job cards	Bruk jobbkort	
169	Medtag kun linjer med antal på følgeseddel	Only include lines with number on delivery note	Inkluder bare linjer med nummer på følgeseddelen	
170	Øredifferencer	Annual differences	Øreforskjeller	
171	Skriv det maksimale beløb for øredifferencer angivet i kroner	which must be offset in open items	Skriv maksimalt beløp for øredifferanser oppgitt i kroner	
172	Maksimalt beløb for øredifferencer (i kroner)	Maximum amount for year differences (in kroner)	Maksimumsbeløp for øreforskjeller (i kroner)	
173	Skriv det kontonummer i kontoplanen som skal bruges til øredifferencer	Write the account number in the chart of accounts to be used for year differences	Skriv kontonummeret i kontoplanen som skal brukes til øreforskjeller	
174	Kontonummer for øredifferencer	Account number for year differences	Kontonummer for øreforskjeller	
175	Kontonummer for øredifferencer findes ikke i kontoplanen	Account number for year differences is not found in the chart of accounts	Kontonummer for øreforskjeller finnes ikke i kontoplanen	
176	Udlignet som øredifference	Offset as year difference	Offset som øreforskjell	
177	Fejl i opsætning af kontonummer for øredifferencer!	Error setting up account number for year differences!	Feil ved konfigurering av kontonummer for øreforskjeller!	
178	Klik her for udligning af valgte åbne poster	Click here to clear selected open records	Klikk her for å fjerne valgte åpne poster	
179	Klik her for at udligne valgte åbne poster og postere differencen på differencekontoen valgt under Indstillinger -> Diverse	Click here to clear selected open items and post the difference to the difference account selected under Settings -> Miscellaneous	Klikk her for å fjerne valgte åpne poster og legge ut forskjellen til differansekontoen valgt under Innstillinger -> Diverse	
180	Klik her når du har afmærket de poster	to be settled	Klikk her når du har merket oppføringene	
181	Klik her for at foretage modtagelse af varer som tidligere er bestilt.	Click here to receive items previously ordered.	Klikk her for å motta varer som er bestilt tidligere.	
182	Varemodtagelse	Goods receipt	Varemottak	
183	Tillad negativ lagerbeholdning	Allow negative inventory	Tillat negativ beholdning	
184	Brug betalingslister	Use payment lists	Bruk betalingslister	
185	Betalingslister giver mulighed for at overføre betalinger til bank via ERH (bankernes erhvervesformater). Hvis dette felt er afmærket	there will be extra fields on the cash journal for payment ID when posting creditor invoices	Med betalingslister kan du overføre betalinger til en bank via ERH (bankenes forretningsformater). Hvis dette feltet er merket av	
186	Hvis dette felt afmærkes	the user is forced to actively select the debtor group when creating debtors.	Hvis dette feltet er merket av	
187	Hvis dette felt afmærkes	the user is forced to actively choose the customer manager when creating debtors.	Hvis dette feltet er merket av	
188	Hvis dette felt afmærkes	Comment lines from offers / orders on delivery notes are included.	Hvis dette feltet er merket av	
189	Hvis dette felt afmærkes	only those goods are included	Hvis dette feltet er merket av	
190	Hurtigfakturering anvendes	if you do not need to write offers / delivery notes	Rask fakturering brukes	
191	Hvis dette felt ikke er afmærket	sales invoices must be posted through the cash journal with the [Get Orders] function.	Hvis dette feltet ikke er merket av	
192	Afmærk dette felt for at tillade negativ lagerbeholdning.	Check this box to allow negative inventory.	Merk av i denne boksen for å tillate negativ beholdning.	
193	Docubizz er en aplikation til håndtering af indscannede dokumenter. Se mere om denne funktion på www.docubizz.dk	Docubizz is an application for handling scanned documents. See more about this function at www.docubizz.dk	Docubizz er et program for håndtering av skannede dokumenter. Se mer om denne funksjonen på www.docubizz.dk	
194	Jobkort findes i debitorkonti. Her kan du definere opgavebeskrivelser til medarbejdere osv.	Job cards are available in debtor accounts. Here you can define job descriptions for employees	Jobbkort er tilgjengelig i debitorkontoer. Her kan du definere stillingsbeskrivelser for ansatte osv.	
195	Under enheder/materialer kan du tilføje og rette i de enhedsbetegnelser	 used in product cards <br> and in orders / invoices as well as material designations in the product card.	Under enheter / materialer kan du legge til og korrigere i enhetsbetegnelsene	
196	Vis priser inkl. moms på kundeordrer	Show prices incl. VAT on customer words	Vis priser inkl. MVA på salgsordrer	
197	Når dette felt er afmærket	display prices on sales orders	Når dette feltet er merket av	
198	Klik her for at skifte til forrige ordre på ordrelisten - husk at gemme eventuelle ændringer først.	Click here to switch to the previous order in the order list - remember to save any changes first.	Klikk her for å bytte til forrige ordre i ordrelisten - husk å lagre eventuelle endringer først.	
199	Klik her for at skifte til næste ordre på ordrelisten - husk at gemme eventuelle ændringer først.	Click here to switch to the next order in the order list - remember to save any changes first.	Klikk her for å bytte til neste ordre i ordrelisten - husk å lagre eventuelle endringer først.	
200	Massefakturering	Mass invoicing	Massefakturering	
201	Aktiver massefakturering	Enable bulk billing	Aktiver massefakturering	
202	Hvis du aktiverer massefakturering	you have the option of invoicing all approved sales orders in one go.	Hvis du aktiverer massefakturering	
203	Medtag delleverancer	Include partial deliveries	Inkluder delleveranser	
204	Hvis du afmærker dette felt	will orders	Hvis du merker av i denne boksen	
205	Frist for dellevering (dage)	Deadline for partial delivery (days)	Frist for delvis levering (dager)	
206	Her angiver du	how many days old an order should be	Her går du inn	
207	Hvis du afmærker dette felt	SALDI will work in pop-ups	Hvis du merker av i denne boksen	
208	Anvend popup-vinduer	Use pop-ups	Bruk popup-vinduer	
209	Her skriver du de parametrer	which best suits your browser's popup features	Her skriver du parametrene	
210	Popup-indstillinger	Pop-up settings	Pop-up-innstillinger	
211	Intern bilagsopbevaring (mod betaling).	Internal document storage (for a fee).	Intern dokumentlagring (mot avgift).	
212	Afmærk her hvis du vil anvende bilagsscanning og ikke selv vil etablere server til bilagsopbevaring. Samme omkostning som en ekstra bruger pr. GB. 	Check here if you want to use document scanning and do not want to set up a server for document storage yourself. Same cost as an additional user per. GB.	Sjekk her hvis du vil bruke dokumentskanning og ikke ønsker å sette opp en server for dokumentlagring selv. Samme kostnad som en ekstra bruker pr. GB.	
213	Omgående bogføring af købsordrer	Immediate posting of purchase orders	Umiddelbar postering av innkjøpsordrer	
214	Hvis dette felt ikke er afmærket	If this field is not checked	Hvis dette feltet ikke er merket av	
215	Emne og tekst til brug ved udsendelse som e-mail	Subject and text for use when sending by e-mail	Emne og tekst for bruk ved sending via e-post	
216	Emne	Topic	Emne	
217	Skriv overskriften til den email som bruges	Write the title of the email used	Skriv tittelen på e-postmeldingen som brukes	
218	Mailtekst	Mail text	E-posttekst	
219	Skriv teksten til den email som bruges	Write the text of the email used	Skriv teksten til e-postmeldingen som ble brukt	
220	Skal genfaktureringsdato slettes fra den gamle faktura	Must re-invoice date be deleted from the old invoice	Må fakturadato slettes fra den gamle fakturaen	
221	Ryd genfaktdato fra gl.fakt	Clear re-fact date from old fact	Tydelig re-faktum dato fra gamle faktum	
222	Genfaktureringsdato slettes fra gammel faktura	Re-invoicing date is deleted from old invoice	Dato for omfakturering slettes fra gammel faktura	
223	Genfaktureringsdato bibeholdes på gammel faktura	Re-invoicing date is maintained on old invoice	Dato for ny fakturering beholdes på gammel faktura	
224	"Brugernavn for ""rykkeransvarlig"" - Når brugeren logger ind, adviseres denne, hvis der skal rykkes - Hvis navn ikke angives adviseres alle."	"Username for ""reminder manager"" - When the user logs in"	"Brukernavn for ""påminnelsesbehandling"" - Når brukeren logger på, får han beskjed hvis det skal være en påminnelse - Hvis navnet ikke er spesifisert, får alle beskjed."	
225	Brugernavn	User name	Brukernavn	
226	"Mailadresse for ""rykkeransvarlig"". Hvis angivet sendes email fra denne adresse, når der skal rykkes. (Når nogen logger ind - uanset hvem)"	"Email address for ""reminder manager"". If specified, email will be sent from this address"	"E-postadresse for ""påminnelsesbehandling"". Hvis spesifisert, sendes en e-post fra denne adressen når det er på tide å flytte. (Når noen logger på - uansett hvem)"	
227	Mailadresse	Email address	Epostadresse	
228	Rentesats i % pr. påbegyndt måned	Interest rate in% pr. commenced month	Rente i% pr. startet måned	
229	Rentesats	Interest rate	Rente	
230	Skriv det varenummer som bruges til renteopkrævning.	Write the item number used for interest collection.	Skriv varenummeret som ble brukt til interesseoppsamling.	
231	Varenummer for rente	Item number for interest	Varenummer for interesse	
232	Antal dage betalingsfrist skal være overskredet	before reminder 1 is generated.	Antall dager for betalingsfrist må overskrides	
233	Frist for rykker 1.	Deadline for reminders 1.	Frist for påminnelser 1.	
234	Antal dage betalingsfrist for rykker 1 skal være overskredet	before reminder 2 is generated.	Antall dager betalingsfrist for påminnelse 1 må overskrides	
235	Frist for rykker 2.	Deadline for reminders 2.	Frist for påminnelser 2.	
236	Antal dage betalingsfrist for rykker 2 skal være overskredet	before reminder 3 is generated.	Antall dager betalingsfrist for påminnelse 2 må overskrides	
237	Frist for rykker 3.	Deadline for reminders 3.	Frist for påminnelser 3.	
238	Rykkerpåmindelse	Reminder	Påminnelse påminnelse	
239	Der er rykkere klar til udsendelse i SALDI.	There are reminders ready for broadcast in SALDI.	Det er påminnelser klare for sending i SALDI.	
240	Der er rykkere klar til udsendelse.	There are reminders ready for broadcast.	Det er påminnelser klare for sending.	
241	Rykkervalg	Reminder choice	Påminnelsesvalg	
242	<big>Denne funktion gør følgende:<UL><LI>udligner alle konti	where balance is 0. </LI> <LI> creates reminders	<big> Denne funksjonen gjør følgende: <UL> <LI> gjør opp alle kontoer	
243	Ekstrafelter	Extra fields	Ekstra felt	
244	Ordrefelt 1	Order field 1	Bestillingsfelt 1	
245	Ordrefelt 2	Order field 2	Bestillingsfelt 2	
246	Ordrefelt 3	Order field 3	Bestillingsfelt 3	
247	Ordrefelt 4	Order field 4	Bestillingsfelt 4	
248	Ordrefelt 5	Order field 5	Bestillingsfelt 5	
249	Denne tekst kan rettes under <i>Indstillinger</i> -> <i>Diverse</i> -> <i>Sprog</i><br>Find Id 244 & 249.	This text can be corrected under <i> Settings </i> -> <i> Miscellaneous </i> -> <i> Languages ​​</i> <br> Find Id 244 & 249.	Denne teksten kan rettes under <i> Innstillinger </i> -> <i> Diverse </i> -> <i> Språk </i> <br> Finn Id 244 & 249.	
250	Denne tekst kan rettes under <i>Indstillinger</i> -> <i>Diverse</i> -> <i>Sprog</i><br>Find Id 245 & 250.	This text can be corrected under <i> Settings </i> -> <i> Miscellaneous </i> -> <i> Languages ​​</i> <br> Find Id 245 & 250.	Denne teksten kan rettes under <i> Innstillinger </i> -> <i> Diverse </i> -> <i> Språk </i> <br> Finn Id 245 & 250.	
251	Denne tekst kan rettes under <i>Indstillinger</i> -> <i>Diverse</i> -> <i>Sprog</i><br>Find Id 246 & 251.	This text can be corrected under <i> Settings </i> -> <i> Miscellaneous </i> -> <i> Languages ​​</i> <br> Find Id 246 & 251.	Denne teksten kan rettes under <i> Innstillinger </i> -> <i> Diverse </i> -> <i> Språk </i> <br> Finn Id 246 & 251.	
252	Denne tekst kan rettes under <i>Indstillinger</i> -> <i>Diverse</i> -> <i>Sprog</i><br>Find Id 247 & 252.	This text can be corrected under <i> Settings </i> -> <i> Miscellaneous </i> -> <i> Languages ​​</i> <br> Find Id 247 & 252.	Denne teksten kan rettes under <i> Innstillinger </i> -> <i> Diverse </i> -> <i> Språk </i> <br> Finn Id 247 & 252.	
253	Denne tekst kan rettes under <i>Indstillinger</i> -> <i>Diverse</i> -> <i>Sprog</i><br>Find Id 248 & 253.	This text can be corrected under <i> Settings </i> -> <i> Miscellaneous </i> -> <i> Languages ​​</i> <br> Find Id 248 & 253.	Denne teksten kan rettes under <i> Innstillinger </i> -> <i> Diverse </i> -> <i> Språk </i> <br> Finn Id 248 & 253.	
254	Ekstrafelter	Extra fields	Ekstra felt	
255	Ekstrafelt 1	Additional field 1	Tilleggsfelt 1	
256	Ekstrafelt 2	Additional field 2	Tilleggsfelt 2	
257	Ekstrafelt 3	Additional field 3	Tilleggsfelt 3	
258	Ekstrafelt 4	Additional field 4	Tilleggsfelt 4	
259	Ekstrafelt 5	Additional field 5	Tilleggsfelt 5	
260	Denne tekst kan rettes under <i>Indstillinger</i> -> <i>Diverse</i> -> <i>Sprog</i><br>Find Id 255 & 260.	This text can be corrected under <i> Settings </i> -> <i> Miscellaneous </i> -> <i> Languages ​​</i> <br> Find Id 255 & 260.	Denne teksten kan rettes under <i> Innstillinger </i> -> <i> Diverse </i> -> <i> Språk </i> <br> Finn Id 255 & 260.	
261	Denne tekst kan rettes under <i>Indstillinger</i> -> <i>Diverse</i> -> <i>Sprog</i><br>Find Id 256 & 261.	This text can be corrected under <i> Settings </i> -> <i> Miscellaneous </i> -> <i> Languages ​​</i> <br> Find Id 256 & 261.	Denne teksten kan rettes under <i> Innstillinger </i> -> <i> Diverse </i> -> <i> Språk </i> <br> Finn Id 256 & 261.	
262	Denne tekst kan rettes under <i>Indstillinger</i> -> <i>Diverse</i> -> <i>Sprog</i><br>Find Id 257 & 262.	This text can be corrected under <i> Settings </i> -> <i> Miscellaneous </i> -> <i> Languages ​​</i> <br> Find Id 257 & 262.	Denne teksten kan rettes under <i> Innstillinger </i> -> <i> Diverse </i> -> <i> Språk </i> <br> Finn Id 257 & 262.	
263	Denne tekst kan rettes under <i>Indstillinger</i> -> <i>Diverse</i> -> <i>Sprog</i><br>Find Id 258 & 263.	This text can be corrected under <i> Settings </i> -> <i> Miscellaneous </i> -> <i> Languages ​​</i> <br> Find Id 258 & 263.	Denne teksten kan rettes under <i> Innstillinger </i> -> <i> Diverse </i> -> <i> Språk </i> <br> Finn Id 258 & 263.	
264	Denne tekst kan rettes under <i>Indstillinger</i> -> <i>Diverse</i> -> <i>Sprog</i><br>Find Id 259 & 264.	This text can be corrected under <i> Settings </i> -> <i> Miscellaneous </i> -> <i> Languages ​​</i> <br> Find Id 259 & 264.	Denne teksten kan rettes under <i> Innstillinger </i> -> <i> Diverse </i> -> <i> Språk </i> <br> Finn Id 259 & 264.	
265	Indstillinger for POS ordrer.	Settings for POS orders.	Innstillinger for POS-bestillinger.	
266	Skriv her hvor mange kasseapperater der er i alt i alle butikker.	Write here how many cash registers there are in total in all stores.	Skriv her hvor mange kassaapparater det er totalt i alle butikker.	
267	Antal kasser.	Number of boxes.	Antall bokser.	
268	Vælg kontonumre for de enkelte kasser.	Select account numbers for each box.	Velg kontonumre for hver boks.	
269	Vælg afdeling og kontonumre for de enkelte kasser.	Select department and account numbers for each box.	Velg avdelings- og kontonummer for hver boks.	
270	Konti.	Accounts.	Kontoer.	
271	PoS-valg	PoS selection	PoS-valg	
272	Kassenr.	Box no.	Boks nr.	
273	Vælg den afdeling som kassen skal konteres under	Select the department under which the box is to be posted	Velg avdelingen der boksen skal legges ut	
274	Afdeling	Department	Avdeling	
275	Vælg det kontonummer hvor bevægelser skal konteres	Select the account number where movements are to be posted	Velg kontonummeret der transaksjoner skal bokføres	
276	Kontonr.	Account no.	Kontonr.	
277	Kontonr. <variable> eksisterer ikke	Account no. <variable> does not exist	Kontonr. <variable> eksisterer ikke	
278	Kontonr skal udfyldes for alle kasser	Account number must be filled in for all boxes	Kontonummer må fylles ut for alle boksene	
279	Skriv her hvor mange forskellige betalingskort og andre betalingsmuligheder der modtages	Write here how many different payment cards and other payment options are received	Skriv her hvor mange forskjellige betalingskort og andre betalingsalternativer som mottas	
280	Antal betalingsmåder	Number of payment methods	Antall betalingsmåter	
281	Type af betalingsmåde	eg Dankort	Type betalingsmåte	
282	Vælg det kontonummer hvor betalinger skal konteres.	Select the account number where payments are to be posted.	Velg kontonummeret der betalingene skal bokføres.	
283	Kreditkort	Credit card	Kredittkort	
284	Kontonr	Account no	Kontonr	
285	Vælg momsgruppe for kontantkunder.	Choose VAT group for cash customers.	Velg momsgruppe for kontantkunder.	
286	Momsgruppe	VAT group	Mva-gruppe	
287	Varenr. for rabat	Item no. for discount	Varenr. for rabatt	
288	For at kunne give rabat på kontantsalg	this field must be filled in with the item number of the item used for the purpose.	For å kunne gi rabatt på kontantsalg	
289	Varenr. XXXXX eksisterer ikke.	Item no. XXXXX does not exist.	Varenr. XXXXX eksisterer ikke.	
290	Ekstrafelter	Extra fields	Ekstra felt	
291	Ordrefelt 1	Order field 1	Bestillingsfelt 1	
292	Ordrefelt 2	Order field 2	Bestillingsfelt 2	
293	Ordrefelt 3	Order field 3	Bestillingsfelt 3	
294	Ordrefelt 4	Order field 4	Bestillingsfelt 4	
295	Ordrefelt 5	Order field 5	Bestillingsfelt 5	
296	Denne tekst kan rettes under <i>Indstillinger</i> -> <i>Diverse</i> -> <i>Sprog</i><br>Find Id 291 & 296.	This text can be corrected under <i> Settings </i> -> <i> Miscellaneous </i> -> <i> Languages ​​</i> <br> Find Id 291 & 296.	Denne teksten kan rettes under <i> Innstillinger </i> -> <i> Diverse </i> -> <i> Språk </i> <br> Finn Id 291 og 296.	
297	Denne tekst kan rettes under <i>Indstillinger</i> -> <i>Diverse</i> -> <i>Sprog</i><br>Find Id 292 & 297.	This text can be corrected under <i> Settings </i> -> <i> Miscellaneous </i> -> <i> Languages ​​</i> <br> Find Id 292 & 297.	Denne teksten kan rettes under <i> Innstillinger </i> -> <i> Diverse </i> -> <i> Språk </i> <br> Finn Id 292 & 297.	
298	Denne tekst kan rettes under <i>Indstillinger</i> -> <i>Diverse</i> -> <i>Sprog</i><br>Find Id 293 & 298.	This text can be corrected under <i> Settings </i> -> <i> Miscellaneous </i> -> <i> Languages ​​</i> <br> Find Id 293 & 298.	Denne teksten kan rettes under <i> Innstillinger </i> -> <i> Diverse </i> -> <i> Språk </i> <br> Finn Id 293 og 298.	
299	Denne tekst kan rettes under <i>Indstillinger</i> -> <i>Diverse</i> -> <i>Sprog</i><br>Find Id 294 & 299.	This text can be corrected under <i> Settings </i> -> <i> Miscellaneous </i> -> <i> Languages ​​</i> <br> Find Id 294 & 299.	Denne teksten kan rettes under <i> Innstillinger </i> -> <i> Diverse </i> -> <i> Språk </i> <br> Finn Id 294 & 299.	
300	Denne tekst kan rettes under <i>Indstillinger</i> -> <i>Diverse</i> -> <i>Sprog</i><br>Find Id 295 & 300.	This text can be corrected under <i> Settings </i> -> <i> Miscellaneous </i> -> <i> Languages ​​</i> <br> Find Id 295 & 300.	Denne teksten kan rettes under <i> Innstillinger </i> -> <i> Diverse </i> -> <i> Språk </i> <br> Finn Id 295 & 300.	
301	Ekstrafelter	Extra fields	Ekstra felt	
302	Ekstrafelt 1	Additional field 1	Tilleggsfelt 1	
303	Ekstrafelt 2	Additional field 2	Tilleggsfelt 2	
304	Ekstrafelt 3	Additional field 3	Tilleggsfelt 3	
305	Ekstrafelt 4	Additional field 4	Tilleggsfelt 4	
306	Ekstrafelt 5	Additional field 5	Tilleggsfelt 5	
307	Denne tekst kan rettes under <i>Indstillinger</i> -> <i>Diverse</i> -> <i>Sprog</i><br>Find Id 302 & 307.	This text can be corrected under <i> Settings </i> -> <i> Miscellaneous </i> -> <i> Languages ​​</i> <br> Find Id 302 & 307.	Denne teksten kan rettes under <i> Innstillinger </i> -> <i> Diverse </i> -> <i> Språk </i> <br> Finn Id 302 & 307.	
308	Denne tekst kan rettes under <i>Indstillinger</i> -> <i>Diverse</i> -> <i>Sprog</i><br>Find Id 303 & 308.	This text can be corrected under <i> Settings </i> -> <i> Miscellaneous </i> -> <i> Languages ​​</i> <br> Find Id 303 & 308.	Denne teksten kan rettes under <i> Innstillinger </i> -> <i> Diverse </i> -> <i> Språk </i> <br> Finn Id 303 & 308.	
309	Denne tekst kan rettes under <i>Indstillinger</i> -> <i>Diverse</i> -> <i>Sprog</i><br>Find Id 304 & 309.	This text can be corrected under <i> Settings </i> -> <i> Miscellaneous </i> -> <i> Languages ​​</i> <br> Find Id 304 & 309.	Denne teksten kan rettes under <i> Innstillinger </i> -> <i> Diverse </i> -> <i> Språk </i> <br> Finn Id 304 & 309.	
310	Denne tekst kan rettes under <i>Indstillinger</i> -> <i>Diverse</i> -> <i>Sprog</i><br>Find Id 305 & 310.	This text can be corrected under <i> Settings </i> -> <i> Miscellaneous </i> -> <i> Languages ​​</i> <br> Find Id 305 & 310.	Denne teksten kan rettes under <i> Innstillinger </i> -> <i> Diverse </i> -> <i> Språk </i> <br> Finn Id 305 & 310.	
311	Denne tekst kan rettes under <i>Indstillinger</i> -> <i>Diverse</i> -> <i>Sprog</i><br>Find Id 306 & 311.	This text can be corrected under <i> Settings </i> -> <i> Miscellaneous </i> -> <i> Languages ​​</i> <br> Find Id 306 & 311.	Denne teksten kan rettes under <i> Innstillinger </i> -> <i> Diverse </i> -> <i> Språk </i> <br> Finn Id 306 & 311.	
312	Klik her for at åbne listen med arbejdskort.	Click here to open the list of work cards.	Klikk her for å åpne listen over arbeidskort.	
313	Hvis dette felt er afmærket styres lager efter FIFO (first in first out) princippet og kostprisen reguleres automatisk efter sidste varekøb.	If this field is marked	Hvis dette feltet er merket av, styres lageret i henhold til FIFO (først inn først ut) -prinsippet, og kostprisen justeres automatisk etter det siste varekjøpet.	
314	Anvend FIFO på lagervarer	Apply FIFO to stock items	Påfør FIFO på lagervarer	
315	Anvend sidemenu	Use side menu	Bruk sidemeny	
316	Hvis dette felt afmærkes vil der fremkomme en menu i venstre skærmside som letter navigationen	and reduces the working width	Hvis dette feltet er krysset av, vises en meny på venstre side av skjermen som letter navigering	
317	Baggrundsfarve	Background color	Bakgrunnsfarge	
318	Her skriver du hex-værdien for den ønskede baggrundsfarve eksempelvis ff9933 for orange. Se flere værdier på www.html.dk/dokumentation/farver 	Here you enter the hex value for the desired background color	Her angir du hexverdien for ønsket bakgrunnsfarge, for eksempel ff9933 for oransje. Se flere verdier på www.html.dk/dokumentation/farver	
319	Bogføringskonto ikke sat for varegruppe:	Posting account not set for item group:	Postingskonto ikke angitt for varegruppe:	
320	Varenummer	Item number	Artikkelnummer	
321	er ikke tilknyttet en varegruppe!	is not affiliated with an item group!	er ikke tilknyttet en varegruppe!	
322	Regnskab	Financial Accounting	Finansregnskap	
323	Brugernavn	User name	Brukernavn	
324	Adgangskode	Password	Passord	
325	-	-	-	
326	Skriv - (minus) som brugernavn for at slette bruger	Type - (minus) as the username to delete user	Skriv - (minus) som brukernavn for å slette bruker	
327	Adgangskode	Password	Passord	
328	Gentag kode	Repeat code	Gjenta koden	
329	Adgang til	Access to	Tilgang til	
330	Administrator	Administrator	Administrator	
331	Kan oprette regnskaber	Can create accounts	Kan opprette kontoer	
332	Kan slette regnskaber	Can delete accounts	Kan slette kontoer	
333	Ny bruger	New user	Ny bruker	
334	Sæt * for adgang til alle regnskaber eller skriv en liste med ID på de regnskaber det skal være adgang til	separated by commas	Sett * for tilgang til alle kontoer, eller skriv en liste med ID for kontoene den må være tilgjengelig for	
335	Afmærk her hvis brugeren er skal have administratorrettigheder	Check here if the user is to have administrator rights	Sjekk her om brukeren skal ha administratorrettigheter	
336	Afmærk her hvis brugeren er skal kunne oprette regnskaber og efterfølgende have adgang til disse	Check here if the user is to be able to create accounts and subsequently have access to these	Sjekk her om brukeren skal kunne opprette kontoer og deretter få tilgang til disse	
337	Afmærk her hvis brugeren er skal kunne slette de regnskaber	this has access to	Sjekk her om brukeren skal kunne slette disse kontoene	
338	Brugernavn	User name	Brukernavn	
339	Opret regnskab	Create accounts	Opprett kontoer	
340	Vis regnskaber	View accounts	Vis kontoer	
341	Slet regnskab	Delete accounts	Slett kontoer	
342	Uforudset hændelse - Kontakt venligst SALDI-teamet på telefon 46 90 22 08.	Unforeseen event - Please contact the SALDI team on telephone 46 90 22 08.	Uforutsett hendelse - Ta kontakt med SALDI-teamet på telefon 46 90 22 08.	
343	Skriv evt. ny kategori her	Write if necessary. new category here	Skriv om nødvendig. ny kategori her	
344	Kategorien $ny_kategori eksisterer allerede	The category $ new_category already exists	Kategorien $ new_category eksisterer allerede	
345	Kontonummer må kun bestå af heltal uden mellemrum	Account number may only consist of integers without spaces	Kontonummer kan bare bestå av heltall uten mellomrom	
346	Navn skal angives	Name must be entered	Navnet må oppgis	
347	Kundeansvarlig ikke valgt!	Customer manager not selected!	Kundesjef ikke valgt!	
348	Debitorgruppe ikke valgt!	Debtor group not selected!	Gjeldegruppe ikke valgt!	
349	Kontonummer $ny_kontonr tildelt automatisk!	Account number $ new_account number assigned automatically!	Kontonummer $ new_account number tildeles automatisk!	
350	Der findes allerede en debitor med Kontonr: $ny_kontonr	There is already a debtor with Account no .: $ new_account no	Det er allerede en skyldner med kontonr.: $ New_account no	
351	Kontonummer findes allerede	not changed	Kontonummer eksisterer allerede	
352	Hint! Du skal sætte et - (minus) som pos nr for at slette en kontaktperson	Hint! You must set a - (minus) as item no to delete a contact	Hint! Du må sette et - (minus) som varenr for å slette en kontakt	
353	Privat	Private	Privat	
354	Erhverv	profession	yrke	
355	Vis leveringsadresse	Show delivery address	Vis leveringsadresse	
356	Debitorkort	Debtor card	Gjeldskort	
357	Kundenr.	Customer no.	Kundenr.	
358	Fornavn	First name	Fornavn	
359	Efternavn	Last name	Etternavn	
360	Firmanavn	Company name	Selskapsnavn	
361	Adresse	Address	Adresse	
362	Adresse2	Address2	Adresse 2	
363	Postnr./By	Zipcode city	Postnummer by	
364	Land	Country	Land	
365	E-mail / brug mail	Email / use mail	Send e-post / bruk e-post	
366	Afmærk her hvis modtageren skal modtage tilbud	order	Sjekk her om mottakeren skal motta et tilbud	
367	Hjemmeside	Homepage	Hjemmeside	
368	Betalingsbetingelse	Payment terms	Betalingsbetingelser	
369	Forud	Prior	I forkant	
370	Kontant	Cash	Penger	
371	Efterkrav	Cash on delivery	Kontantbetaling ved levering	
372	Netto	Net	Nett	
373	Lb. md.	Lb. md.	Lb. md.	
374	Debitorgruppe	Debtor group	Gjeldsgruppe	
375	Rabatgruppe	Discount group	Rabattgruppe	
376	CVR-nr.	CVR no.	CVR-nr.	
377	Telefon	Telephone	Telefon	
378	Telefax	Fax	Faks	
379	EAN-nr.	EAN no.	EAN-nr.	
380	Institutionsnr.	Institution no.	Institusjonsnr.	
381	Kreditmax	Kreditmax	Kreditmax	
382	Bank reg.	Bank reg.	Bankreg.	
383	Bank konto	Bank account	bankkonto	
384	PBS-nr.	PBS number.	PBS-nummer.	
385	PBS	PBS	PBS	
386	Kundeansvarlig	Customer manager	Kundesjef	
387	Lukket	Closed	Lukket	
388	Kategorier	Categories	Kategorier	
389	Omdøb $ny_kategori til:	Rename $ new_category to:	Gi nytt navn til $ new_category til:	
390	For at oprette en ny kategori skrives navnet på kategorien her. For at oprette en underkategori skrives id på den overstående kategori foran navnet med | som adskillelse	eg 31 | Men's socks. ID is found by holding the mouse over the name of the category.	For å opprette en ny kategori, skriv inn navnet på kategorien her. For å opprette en underkategori, skriv inn ID-en for kategorien ovenfor foran navnet med | som separasjon	
391	Bemærkning	Remark	Bemerke	
392	Kontaktpersoner	Contact persons	Kontaktpersoner	
393	Positionsnummer. Primær kontakt har nummer 1	Position number. Primary contact has number 1	Posisjonsnummer. Primærkontakt har nummer 1	
394	Pos.	Pos.	Pos.	
395	Sæt flueben her for at knytte $firmanavn til denne kategori	Check here to associate $ company name with this category	Sjekk her for å knytte $ firmanavn til denne kategorien	
396	Klik her for at omdøbe denne kategori	Click here to rename this category	Klikk her for å gi nytt navn til denne kategorien	
397	Klik her for at slette denne kategori	Click here to delete this category	Klikk her for å slette denne kategorien	
398	Kontakt	Contact	Ta kontakt med	
399	Direkte telefonnummer eller lokalnummer	Direct telephone number or extension number	Direkte telefonnummer eller lokalnummer	
400	Direkte/lokal	Direct / local	Direkte / lokal	
401	Mobil	Mobile phone	Mobiltelefon	
402	E-mail	Email	E-post	
403	Kontakt navn	Contact name	Kontakt navn	
404	Kontakt adresse	Contact address	Kontakt adresse	
405	Kontakt adresse 2	Contact address 2	Kontaktadresse 2	
406	Kontakt postnr	Contact postnr	Kontakt postnr	
407	Kontakt by	Contact by	Kontakt innen	
408	Kontakt telefon	Contact telephone	Kontakt telefon	
409	Kontakt telefax	Contact fax	Kontakt faks	
410	Kontakt e-mail	Contact email	Kontakt Epost	
411	Kontakt bemærkning	Contact note	Kontaktnotat	
412	Husnr.	House no.	Husnr.	
413	Etage	Floor	Gulv	
414	PBS-nr.	PBS number.	PBS-nummer.	
415	Fremhævning	Highlight	Fremheve	
416	Fremhæver eksempelvis ordre med den angivne farvenuance	where delivery or receipt is missing	For eksempel fremhever ordrer med den angitte fargenyansen	
417	Vælg farvenuance til fremhævning	Select color hue for highlighting	Velg fargetone for utheving	
418	Rød	Red	rød	
419	Grøn	Green	Grønn	
420	Blå	Blue	Blå	
421	Gul	Yellow	Gul	
422	Magenta (lyselilla)	Magenta (light purple)	Magenta (lys lilla)	
423	Cyan (lyseblå)	Cyan (light blue)	Cyan (lyseblå)	
424	Intet	Nothing	Ingenting	
425	Afmærk her for at benytte VVS-prislisten fra $beskrivelse	Check here to use the plumbing price list from $ description	Sjekk her for å bruke rørleggerprislisten fra $ beskrivelse	
426	Klik her for at sætte individuelle rabatter og varegrupper for de enkelte prisgrupper	Click here to set individual discounts and product groups for the individual price groups	Klikk her for å angi individuelle rabatter og produktgrupper for de enkelte prisgruppene	
427	Prislister	Price lists	Prislister	
428	Rabat	Discount	Rabatt	
429	Varegruppe	Category	Kategori	
430	Aktiv	Active	Aktiv	
431	Skriv den generelle rabat for varer fra $beskrivelse	Write the general discount for items from $ description	Skriv den generelle rabatten for varer fra $ beskrivelse	
432	Vælg den generelle varegruppe til varer fra $beskrivelse	Select the general item group for items from $ description	Velg den generelle varegruppen for varer fra $ beskrivelse	
433	Ingen leverandør med kontonummer $kontonr	No vendor with account number $ account no	Ingen leverandør med kontonummer $ kontonr	
434	"Her kan skrives en alternativ SMTP-server til brug for udsendelse af ordrer mm. Den angivne server skal tillade videresendelse af mails fra ssl.saldi.dk. Hvis serveren bruger anden port 25 skrives denne efter STMP navnet adskilt af "":"". F.eks. smtp.gmail.com:465"	"An alternative SMTP server can be written here for use in sending orders etc. The specified server must allow forwarding of emails from ssl.saldi.dk. If the server uses another port 25, this is written after the STMP name separated by "":"". Eg. smtp.gmail.com:465"	"En alternativ SMTP-server kan skrives her for bruk i sending av ordrer etc. Den angitte serveren må tillate videresending av e-post fra ssl.saldi.dk. Hvis serveren bruker en annen port 25, skrives dette etter STMP-navnet atskilt med "":"". For eksempel. smtp.gmail.com:465"	
435	Alternativ SMTP-server:port	Alternative SMTP server: port	Alternativ SMTP-server: port	
436	Skift	Shift	Skifte	
437	Skriv en dato i formatet ddmmåå	eg 311210 to see movements before form date <br> or enter a date range e.g. 010110: 311210. <br> Account balances use the end date only.	Skriv en dato i formatet ddmmåå	
438	Dato	Date	Dato	
439	Skriv et kundenummer eller et interval adskilt af kolon. Listen vil blive sorteret efter kundenummer<br>Der kan også skrives et kontonavn	<br> eg <br> Writing DANOSOFT aps only shows movements for DANOSOFT aps <br> DANO * will show movements for everyone where the name starts with DANO <br> * aps will show all where the name ends with aps <br> * SOFT * shows all where the name contains soft	Skriv inn et kundenummer eller et område atskilt med et kolon. Listen vil bli sortert etter kundenummer <br> Et kontonavn kan også legges inn	
440	Konto	Account	Regnskap	
441	Åbne poster	Open records	Åpne poster	
442	Kontosaldo	Account balance	Saldo	
443	Kontokort	Credit card	Kredittkort	
444	Viser en aldersfordelt liste over forfaldne/ubetalte udeståender på valgte konti pr. den angivne dato	Displays an age-distributed list of overdue / unpaid outstanding balances on selected accounts per. the specified date	Viser en aldersfordelt liste over forfalte / ubetalte utestående saldoer på utvalgte kontoer pr. angitt dato	
445	Viser en liste over saldi på valgte konti pr. den angivne dato 	Displays a list of balances on selected accounts per. the specified date	Viser en liste over saldoer på valgte kontoer pr. angitt dato	
446	Viser en specifikation af kontobevægelser på valgte konti i det angivne datointerval.	Displays a specification of account movements on selected accounts in the specified date range.	Viser en spesifikasjon av kontotransaksjoner på valgte kontoer i det angitte datoperioden.	
447	Liste over de 100 debitorer med den højeste omsætning de seneste 12 måneder.	List of the 100 debtors with the highest turnover in the last 12 months.	Liste over de 100 skyldnere med høyest omsetning de siste 12 månedene.	
448	Top 100	Top 100	Topp 100	
449	Debitorrapporter	Accounts receivable reports	Rapporter om kundefordringer	
450	Kreditorrapporter	Creditor reports	Kreditorrapporter	
451	Afmærk her hvis din søgning skal huskes	Check here if your search is to be remembered	Sjekk her hvis søket ditt skal huskes	
452	Husk	Remember	Huske	
453	Afmærk her for at finansbogføre hver handel separat. Hvis der ikke er afmærket	bookkeeping is done together by cash counting.	Sjekk her for å legge ut hver handel separat. Hvis ikke merket	
454	Bogfør hver handel.	Post each trade.	Legg ut hver handel.	
455	Kassespor	Checkout tracks	Kassespor	
456	Afmærk her for at for at udskrive bon automatisk. Hvis der ikke er afmærket	vouchers must be printed manually after each trade.	Merk av her for å skrive ut bilag automatisk. Hvis ikke merket	
457	Udskriv bon automatisk.	Print receipt automatically.	Skriv ut kvittering automatisk.	
458	Afmærk her for at vise knappen [Kontant på beløb]. Kan bruges ved kassesalg hvor der ikke skal beregnes returbeløb.	Check here to display the [Cash on Amount] button. Can be used at cash sales where no return amount needs to be calculated.	Sjekk her for å vise [Kontant på beløp] -knappen. Kan brukes ved kontantsalg der ingen returbeløp trenger å beregnes.	
459	Vis knap [Kontant på beløb]	Show button [Cash on amount]	Vis-knapp [Kontant på beløp]	
460	Afmærk her for at vise knappen [Kontoopslag]. Bruges ved kassesalg til kontokunder	Check here to display the [Account Lookup] button. Used for cash sales to account customers	Sjekk her for å vise [Kontooppslag] -knappen. Brukes til kontantsalg til kontokunder	
461	Vis knap [Kontoopslag]	Show button [Account Lookup]	Vis-knapp [Kontooppslag]	
462	Antal sekunder siden med [Udskriv] og [Ny kunde] skal blive stående før der skifter til ny ordre. Hvis tallet er 0 skiftes aldrig.	The number of seconds since [Print] and [New Customer] must remain before switching to a new order. If the number is 0	Antall sekunder siden [Skriv ut] og [Ny kunde] må være igjen før du bytter til en ny ordre. Hvis tallet er 0, må du aldri endre det.	
463	Tidsfrist for udskrift	Deadline for printing	Frist for utskrift	
464	Afmærk her for at vise knappen [Indbetaling]. Bruges til kontokunder som indbetaler til konto	Check here to display the [Deposit] button. Used for account customers who pay into an account	Sjekk her for å vise [Innskudd] -knappen. Brukes for kontokunder som betaler inn på en konto	
465	Vis knap [Indbetaling]	Show button [Deposit]	Vis-knapp [Innskudd]	
466	Mængderabat	Volume discount	Volumrabatt	
467	Mængderabat $rabatpct %	Volume discount $ discount pct%	Volumrabatt $ rabatpct%	
468	Momskode for salgspriser på varekort 	VAT code for sales prices on product cards	MVA-kode for salgspriser på produktkort	
469	Hvis dette felt er udfyldt	display sales prices on product cards incl. VAT.	Hvis dette feltet er fylt ut	
470	Varerelaterede valg	Item-related choices	Varerelaterte valg	
471	Gem/opdatér	Save / Update	Lagre / oppdater	
472	Varianter	Variants	Varianter	
473	Ny variant værdi	New variant value	Ny variantverdi	
474	Ny variant	New variant	Ny variant	
475	Variant	Variant	Variant	
476	Værdi	Value	Verdi	
477	Klik her for at omdøbe denne variant	Click here to rename this variant	Klikk her for å gi nytt navn til denne varianten	
478	Klik her for at slette denne variant og tilhørende variant værdier.	Click here to delete this variant and associated variant values.	Klikk her for å slette denne varianten og tilhørende variantverdier.	
479	Klik her for at omdøbe denne værdi	Click here to rename this value	Klikk her for å gi nytt navn til denne verdien	
480	Klik her for at slette denne værdi.	Click here to delete this value.	Klikk her for å slette denne verdien.	
481	Vil du slette denne variant og tilhørende variant værdier?	Do you want to delete this variant and associated variant values?	Vil du slette denne varianten og tilhørende variantverdier?	
482	Vil du slette denne værdi?	Do you want to delete this value?	Vil du slette denne verdien?	
483	Vil du omdøbe denne variant?	Do you want to rename this variant?	Vil du gi nytt navn til denne varianten?	
484	Vil du omdøbe denne værdi?	Do you want to rename this value?	Vil du gi nytt navn til denne verdien?	
485	Varianter for varer	eg Color or Size.	Varianter for varer	
486	Værdi for variant 	eg Red or Small.	Verdi for variant	
487	Afmærk her hvis varen indeholder denne type varianter.	Check here if the item contains this type of variant.	Sjekk her om varen inneholder denne typen variant.	
488	Kopi af tilbud gemt kl. $time	see attachment.	Kopi av tilbudet lagret kl $ tid	
489	Kopi af ordrebekræftelse gemt kl $time	see attachment.	Kopi av ordrebekreftelse lagret i $ time	
490	Kopi gemt til historik	Copy saved to history	Kopi lagret i historikken	
491	Klik på teksten for at indsætte den i ordren.	Click on the text to insert it in the order.	Klikk på teksten for å sette den inn i rekkefølgen.	
492	Klik på krydset for at slette denne tekst fra listen.	Click the cross to delete this text from the list.	Klikk på krysset for å slette denne teksten fra listen.	
493	Vil du slette denne tekst?	Do you want to delete this text?	Vil du slette denne teksten?	
494	Status.	Status.	Status.	
495	Ny status	New status	Ny status	
496	"Vælg ""Ny Status"" for at tilføje en ny status"	"Select ""New Status"" to add a new status"	"Velg ""Ny status"" for å legge til en ny status"	
497	Navn på ny status.	Name of new status.	Navn på ny status.	
498	Kopi af faktura gemt kl. $time	see attachment.	Kopi av faktura lagret kl $ tid	
499	Kopi af kreditnota gemt kl. $time	see attachment.	Kopi av kreditnota lagret kl $ tid	
500	Ordrenr	Order no	Best.nr	
501	Opdatér feltet herunder med information fra ordren?	Update the field below with information from the order?	Oppdater feltet nedenfor med informasjon fra bestillingen?	
502	Kontakt	Contact	Ta kontakt med	
503	Hvis der benyttes API til webshop skrives URL til shoppens funktionsmappe her.	If the API for the webshop is used	Hvis API for nettbutikken brukes, skriv inn URL-en til butikkens funksjonsmappe her.	
504	Webshop URL	Webshop URL	Nettbutikk-URL	
505	Klik her for at eksportere valgte transaktioner til CSV-fil for import i andet program	eg. spreadsheet.	Klikk her for å eksportere valgte transaksjoner til CSV-fil for import til annet program	
506	Fejl ved overførsel til FTP - Dokument ikke gemt!	Error transferring to FTP - Document not saved!	Feil ved overføring til FTP - Dokument ikke lagret!	
507	Klik her for at oprette nyt regnskabsår.	Click here to create new fiscal year.	Klikk her for å lage et nytt regnskapsår.	
508	Opret nyt regnskabsaar	Create new fiscal year	Lag et nytt regnskapsår	
509	Kontospecifikation alle valgte konti i valgt periode	Account specification all selected accounts in selected period	Kontospesifikasjon alle valgte kontoer i valgt periode	
510	Kontospecifikation fra valgte momsbelagte konti i valgt periode. Viser moms for posteringer hvor momsen er trukket automatisk.	Account specification from selected VAT-charged accounts in selected period. Displays VAT for postings where VAT is deducted automatically.	Kontospesifikasjon fra utvalgte merverdiavgiftskontoer i valgt periode. Viser merverdiavgift for poster der merverdiavgift trekkes automatisk.	
511	Saldo for statuskonti og summering af disse for valgte konti i valgt periode.	Balance of balance accounts and summation of these for selected accounts in selected period.	Balanse mellom saldokontoer og summering av disse for utvalgte kontoer i valgt periode.	
512	Saldo for driftkonti og summering af disse for valgte konti i valgt periode.	Balance of current accounts and summation of these for selected accounts in selected period.	Balanse over løpende kontoer og summering av disse for utvalgte kontoer i valgt periode.	
513	Saldo for driftkonti + budgettal og summering af disse for valgte konti i valgt periode.	Balance for operating accounts + budget figures and summation of these for selected accounts in selected period.	Balanse for driftskontoer + budsjettall og summering av disse for utvalgte kontoer i valgt periode.	
514	Saldo for momskonti og summering i valgt periode.	Balance for VAT accounts and summary in selected period.	Saldo for merverdiavgiftskontoer og sammendrag i valgt periode.	
515	Kontokort	Credit card	Kredittkort	
516	Kontokort med moms	Credit card with VAT	Kredittkort med mva	
517	Balance	Balance	Balansere	
518	Resultat	Result	Resultat	
519	Resultat/budget	Result / budget	Resultat / budsjett	
520	Momsangivelse	VAT return	Mva-retur	
521	Sikkerhedskopi	Backup	Sikkerhetskopiering	
522	Anvend topmenu	Use top menu	Bruk toppmenyen	
523	Hvis dette felt afmærkes vil der fremkomme en menu i toppen af skærmen som letter navigationen	and reduces the working height	Hvis dette feltet er merket av, vil det vises en meny øverst på skjermen som letter navigering	
524	Klassisk udseende	Classic look	Klassisk utseende	
525	Hvis dette felt afmærkes vil hverken fremkomme menu i toppen eller siden og hele siden kan anvendes som arbejdsområde.	If this field is checked	Hvis dette feltet er merket av, vises verken menyen øverst eller siden, og hele siden kan brukes som arbeidsområde.	
526	Integration med ebConnect	Integration with ebConnect	Integrasjon med ebConnect	
527	Afmærk her hvis du har en ftp-konto hos ebConnect og ønsker at kunne sende OIOUBL-fakturaer direkte til modtager.	Check here if you have an ftp account with ebConnect and want to be able to send OIOUBL invoices directly to the recipient.	Sjekk her hvis du har en ftp-konto med ebConnect og vil kunne sende OIOUBL fakturaer direkte til mottakeren.	
528	- FTP-server hos ebConnect	- FTP server at ebConnect	- FTP-server på ebConnect	
529	- FTP-brugernavn hos ebConnect	- FTP username at ebConnect	- FTP brukernavn på ebConnect	
530	- FTP-adgangskode hos ebConnect	- FTP password at ebConnect	- FTP-passord på ebConnect	
531	Betalingslister til bank	where payment ID and date are stated when posting	Betalingslister til bank	
532	Betalingslister	Payment lists	Betalingslister	
				
				
				
				
				
				
				
				
				
				
				
				
				
				
				
				
				
				
				
				
				
				
				
				
				
				
				
				
				
				
				
				
				
				
				
				
				
				
				
				
				
				
				
				
				
				
				
				
				
				
				
				
				
				
				
				
				
				
				
				
				
				
				
				
				
				
				
600	Finans	Finance	Finansiere	
601	Kassekladde	Cash journal	Kontantjournal	
602	Regnskab	Financial Accounting	Finansregnskap	
603	Rapporter	Reports	Rapporter	
604	Debitor	Debtor	Skyldneren	
605	Ordre	Order	Rekkefølge	
606	Konti	Accounts	Kontoer	
607	Kredtor	Creditors	Kreditorer	
608	Lager	Stock	Lager	
609	Varer	Goods	Varer	
610	Varemodtagelse	Goods receipt	Varemottak	
611	Systemdata	System data	Systemdata	
612	Kontoplan	Chart of Accounts	Kontooversikt	
613	Indstillinger	Settings	Innstillinger	
614	Sikkerhedskopi	Backup	Sikkerhetskopiering	
615	Ved at afmærke her får du op til 14 ekstra felter på ansattes stamkort	for own employees.	Ved å krysse av her får du opptil 14 ekstra felt på ansattes hovedkort	
616	Tilføj ekstra felter på ansatte	Add extra fields on employees	Legg til ekstra felt på ansatte	
617	Kørekort Ja/nej	Driving license Yes / no	Førerkort Ja / nei	
618	Kørekort B	Driving license B	Førerkort B	
619	Kørekort C	Driving license C	Førerkort C	
620	Anhugning og kran D	Cutting and crane D	Skjæring og kran D	
621	TRUCK	TRUCK	LASTEBIL	
622	Den 2 årige stilladsmontøruddannelse	The 2 year scaffolding fitter training	2-års trening for stillasmontør	
623	Systemstillads	System scaffolding	Systemstillas	
624	ERFA 1	ERFA 1	ERFA 1	
625	ERFA 2	ERFA 2	ERFA 2	
626	Konduktør	Conductor	Dirigent	
627	Faldsikring	Fall protection	Fallbeskyttelse	
628	Førstehjælp	First aid	Førstehjelp	
629	Certificerings uddannelse	Certification training	Sertifiseringstrening	
630	Andet	Other things	Annet	
631	Helbred	Health	Helse	
632	Kontaktperson	Contact person	Kontaktperson	
633	Fast timetillæg	Fixed hourly supplement	Fast timetillegg	
634	
635	
636	
637	
638	
639	
640	
641	
642	
643	
644	
645	Medarbejdernr.	Employee no.	Ansatt nummer.	
646	Navn	Name	Navn	
647	Initialer	Initials	Initialer	
648	Adresse	Address	Adresse	
649	Adresse2	Address2	Adresse 2	
650	Postnr	ZIP code	post kode	
651	By	Town	By	
652	e-mail	e-mail	e-post	
653	Mobil	Mobile phone	Mobiltelefon	
654	Lokalnr.	Local no.	Lokalt nr.	
655	Lokal fax	Local fax	Lokal faks	
656	Privat tlf	Private tel	Privat tlf	
657	Provision:	Commission:	Kommisjon:	
658	Afdeling	Department	Avdeling	
659	Bemærkning	Remark	Bemerke	
660	Fratrådt	Resigned	Gikk av	
661	Cpr-nr	Social Security No	Social Security No	
662	Bank	Bank	Bank	
663	Tiltrådt	Joined	Ble med	
664	Løn	Pay	Betale	
665	Løntillæg	Wage supplement	Lønnstillegg	
666	Postnr. &by	ZIP code. &town	Post kode. &by	
667	E-mail/brug	Email / use	E-post / bruk	
668	Betalingsbet.	Payment bet.	Betalingssatsing.	
669	Ny kontakt	New contact	Ny kontakt	
670	Trainee	Trainee	Lærling	
671	Bilag	Appendix	blindtarm	
672	Skriv navn til vedhæftet bilag	when sent per. mail.	Skriv navn for vedlegg	
673	Skriv her hvor mange borde der skal registreres	Write here how many tables to register	Skriv her hvor mange tabeller du skal registrere	
674	Antal borde	Number of tables	Antall bord	
675	Beskrivelse af bordene.	Description of the tables.	Beskrivelse av tabellene.	
676	Bordnavn	Table name	Tabellnavn	
677	Mailfakt	Mail fact	Mail faktum	
678	Klik her for at synkronisere kategorier i Saldi med kategorier fra shop.	Click here to sync categories in Balances with categories from shop.	Klikk her for å synkronisere kategorier i Saldoer med kategorier fra butikk.	
679	Synkroniser kategorier i Saldi med shop. 	Sync categories in Balances with shop.	Synkroniser kategorier i Saldoer med butikk.	
680	Afmærkes dette felt vil der komme en advarsel	if goods are inserted	Hvis dette feltet er merket av, vises en advarsel	
681	Anvend procentfakturering	Use percentage invoicing	Bruk prosentvis fakturering	
682	Afmærkes her	comes an extra field on customer orders for percentage invoicing of the item value. Used, for example, when renting equipment.	Merket her	
683	Procenttillæg	Surcharge percentage	Prosentavgift	
684	Skrives en værdi her	it will appear an editable field on the order page with the specified value. The percentage surcharge is a supplement to the total invoice amount before VAT calculation.	Skriv en verdi her	
685	Varenr. for procenttillæg	Item no. for percentage surcharge	Varenr. for prosentvis tilleggsavgift	
686	Angiv her hvilken konto i kontoplanen procenttillægget skal konteres på.	Specify here which account in the chart of accounts the percentage supplement is to be posted to.	Spesifiser her hvilken konto i kontoplanen prosenttillegget skal bokføres til.	
687	Kontonummer for kontantsalg.	Account number for cash sales.	Kontonummer for kontantsalg.	
688	Angiv hvilken konto betalingen skal konteres på ved kontantsalg. Hvis feltet er tomt oprettes en åben post på beløbet på kundens konto.	Specify which account the payment is to be posted to for cash sales. If the field is empty	Spesifiser hvilken konto betalingen skal sendes til for kontantsalg. Hvis feltet er tomt, opprettes en åpen oppføring på beløpet i kundens konto.	
689	Kontonummer for salg på kreditkort.	Account number for credit card sales.	Kontonummer for kredittkortsalg.	
690	Angiv hvilken konto betalingen skal konteres på ved salg på kreditkort. Hvis feltet er tomt oprettes en åben post på beløbet på kundens konto.	Specify which account the payment is to be posted to when selling by credit card. If the field is empty	Spesifiser hvilken konto betalingen skal sendes til når du selger med kredittkort. Hvis feltet er tomt, opprettes en åpen oppføring på beløpet i kundens konto.	
691	Merchant nr tildeles ved oprettelse af betalingsaftale hos Quickpay	Merchant number is awarded when creating a payment agreement with Quickpay	Selgernummer tildeles når du oppretter en betalingsavtale med Quickpay	
692	Merchant nr:	Merchant no:	Handelsnr:	
693	Md5-secret tildeles ved oprettelse af betalingsaftale hos Quickpay	Md5-secret is awarded upon creation of a payment agreement with Quickpay	Md5-secret tildeles ved oppretting av en betalingsavtale med Quickpay	
694	Md5-secret	Md5-secret	Md5-hemmelig	
695	Vælg her om du vil anvende Saldi´s interne shop eller en ekstern via API.  	Choose here whether you want to use Saldi´'s internal shop or an external one via API.	Velg her om du vil bruke Saldi’s interne butikk eller en ekstern butikk via API.	
696	Webshop valg	Webshop selection	Nettbutikkvalg	
697	Ingen webshop	No webshop	Ingen nettbutikk	
698	Intern webshop	Internal webshop	Intern nettbutikk	
699	Ekstern webshop	External webshop	Ekstern nettbutikk	
700	Kassebeholdning	morning	Kontantsaldo	
701	Skriv her hvor meget kassebeholdningen er ved dagens start. Hvis tallet er nul	the current inventory is counted.	Skriv her hvor mye kontantsaldoen er på starten av dagen. Hvis tallet er null	
702	Assistance til kasseoptælling	Assistance with cash counting	Assistance med kontant telling	
703	Afmærk her	if the cash count is to be assisted with form for number of coins & banknotes.	Sjekk her	
704	Printer IP	Printer IP	Skriverens IP	
705	Skriv ipnummeret til printserveren	if the receipt printer did not connect to the cash register directly.	Skriv inn IP-nummeret til utskriftsserveren	
706	Terminal IP	Terminal IP	Terminal IP	
707	Skriv ipnummeret til kortterminalen	if an integrated card terminal is used.	Tast inn IP-nummeret til kortterminalen	
708	Tillad forskellige datoer på samme bilagsnummer i kassekladde.	Allow different dates on the same document number in cash journal.	Tillat forskjellige datoer på samme dokumentnummer i kontantjournal.	
709	Afmærk her for at undtrykke advarsel i kassekladden	if the same document number is used for several documents with different dates. (Eg	Sjekk her for å skrive ut advarselen i kontantjournalen	
710	Betalingskort	Payment card	Betalingskort	
711	Afmærk her	if the card is a payment card used with a payment terminal (Only for use with an integrated payment terminal).	Sjekk her	
712	Andre kort	Other cards	Andre kort	
713	Udfyldes dette felt	only 1 debit card is displayed on the cash register screen and the card name that the terminal returns is automatically posted. If the card is not created above	Fyll ut dette feltet	
714	Advar ved for lav lagerbeholdning	Warn if stock is too low	Advarsel hvis lageret er for lavt	
715	Mlm.kto	Mlm.kto	Mlm.kto	
716	Mellemkonto for beløb som udtages fra kasse ved dagsafslutning.	Interim account for amounts withdrawn from the cash register at the end of the day.	Midlertidig konto for beløp som er trukket fra kassaapparatet på slutten av dagen.	
717	Mellemkonto <variable> eksisterer ikke	Interim account <variable> does not exist	Midlertidig konto <variabel> eksisterer ikke	
718	Mellemkonto skal udfyldes for alle kasser	Interim account must be filled in for all boxes	Interimskonto må fylles ut for alle boksene	
719	Brug Google Docs viewer	Use Google Docs viewer	Bruk Google Docs-visningsprogram	
720	Afmærk her hvis du har en google konto. Så vil du kunne se næsten alle dokumentformater. Eller kan du kun se de formater din browser understøtter.	Check here if you have a google account. Then you will be able to see almost all document formats. Or you can only see the formats your browser supports.	Sjekk her hvis du har en Google-konto. Da vil du kunne se nesten alle dokumentformater. Eller du kan bare se formatene nettleseren din støtter.	
721	Diffkto	Diffkto	Diffkto	
722	Difference konto for kassedifferencer dagsafslutning.	Difference account for cash differences day end.	Forskjellskonto for kontantforskjeller slutten av dagen.	
723	Difference konto <variable> eksisterer ikke	Difference account <variable> does not exist	Forskjellskonto <variabel> eksisterer ikke	
724	Difference konto skal udfyldes for alle kasser	Difference account must be filled in for all boxes	Forskjellskonto må fylles ut for alle boksene	
725	Køkken IP	Kitchen IP	Kjøkken IP	
726	Skriv ipnummeret til køkkenprinteren	if one is used.	Skriv IP-nummeret til kjøkkenskriveren	
727	Omvendt betalingspligt ved salg	Reverse payment obligation on sale	Omvendt betalingsplikt ved salg	
728	Afmærk hvis det skal være muligt at sælge varer med omvendt betalingspligt	Check if it should be possible to sell goods with a reverse charge	Sjekk om det skal være mulig å selge varer med omvendt kostnad	
729	Varenr. for delbetaling	Item no. for partial payment	Varenr. for delvis betaling	
730	For at kunne håndtere delbetalinger	this field must be filled in with the item number of the item used for the purpose.	For å kunne håndtere avdrag	
731	Aut. regulering af kostpriser	Aut. regulation of cost prices	Aut. regulering av kostpris	
732	Vælg om kostpriser skal reguleres til gennemsnitspris	replacement price or not to be adjusted	Velg om kostprisene skal justeres til gjennomsnittsprisen	
733	Tegn kodning for shop 	Draw coding for shop	Tegn koding for butikk	
734	Hvis dette felt er afmærket gives mulighed for at give en speciel pris på en gruppe af varer. Varene samles på bonnen uden pris på de enkelte varer og prisen vises som sætpris under varerne.    	If this field is checked	Hvis dette feltet er merket av, er det mulig å gi en spesialpris for en gruppe varer. Varene samles på kvitteringen uten prisen på de enkelte varene, og prisen vises som en fast pris under varene.	
735	Vis knap [Sæt]	Show button [Set]	Vis knapp [Set]	
736	Labelprint	Labelprint	Etiketavtrykk	
737	Her indsættes html kode til formatering af labelprint i varekort. Du kan finde eksempler på <a href=http://forum.saldi.dk/viewtopic.php?f=17&t=1159>Saldi forum</a> under tips og tricks.	Here you enter the html code for formatting the label print in product cards. You can find examples of <a href=http://forum.saldi.dk/viewtopic.php?f=17&t=1159> Saldi forum </a> under tips and tricks.	Her skriver du inn html-koden for formatering av etikettutskrift i produktkort. Du kan finne eksempler på <a href=http://forum.saldi.dk/viewtopic.php?f=17&t=1159> Saldi forum </a> under tips og triks.	
738	Klik her for at opdatere kostprisen for alle lagervarer med pris på sidste køb.	Click here to update the cost price for all stock items with price on last purchase.	Klikk her for å oppdatere kostprisen for alle lagervarer med prisen ved siste kjøp.	
739	Opdater kostpriser	Update cost prices	Oppdater kostnadspriser	
740	Klik her for at hente nye varer fra shop til Saldi.	Click here to pick up new items from shop to Saldi.	Klikk her for å hente nye varer fra butikk til Saldi.	
741	Hent nye varer fra shop.	Get new items from the shop.	Få nye varer fra butikken.	
742	Anvend samlet pris	Apply total price	Bruk totalpris	
743	Afmærkes dette felt bliver det muligt at ændre prisen på bundlinjen i en salgsordre og der bliver givet en samlet rabat	 which, when posting, is distributed on the individual items.	Hvis dette feltet er merket av, vil det være mulig å endre bunnlinjeprisen i en salgsordre, og en total rabatt vil bli gitt.	
744	Varenr. for sæt	Item no. for set	Varenr. for sett	
745	Sættes der et varenummer her bliver det muligt at samle en gruppe varer i en salgsordre som et sæt og give en samlet pris for denne gruppe.	If an item number is set here	Hvis et varenummer er angitt her, vil det være mulig å samle en gruppe varer i en salgsordre som et sett og gi en totalpris for denne gruppen.	
746	Brugernavn.	User name.	Brukernavn.	
747	Adgangskode.	Password.	Passord.	
748	Krypering.	Crawling.	Krabbe.	
749	Brugernavn til SMTP serveren	if required.	Brukernavn for SMTP-serveren	
750	Adgangskode til SMTP serveren	if required.	Passord for SMTP-serveren	
751	Krypteringsmetode til SMTP serveren	if required.	Krypteringsmetode for SMTP-serveren	
752	Agreement_id tildeles ved oprettelse af betalingsaftale hos Quickpay	Agreement_id is assigned when creating a payment agreement with Quickpay	Agreement_id tildeles når du oppretter en betalingsavtale med Quickpay	
753	Agreement_id	Agreement_id	Avtale_id	
754	Bordvalg	Table selection	Tabellvalg	
755	Ved valg af bord her	this table will be selected if no other table is selected.	Når du velger et bord her	
756	Nulstil regnskab	Reset accounts	Tilbakestill kontoer	
757	Hvis du klikker på `Nulstil` slettes alle ordrer	cash drafts	"Hvis du klikker på ""Tilbakestill"", slettes alle bestillinger"	
758	Behold debitorer & kreditorer.	Keep debtors & creditors.	Behold skyldnere og kreditorer.	
759	Hvis du afmærker dette felt beholdes dine kunder & leverandører (debitorer & kreditorer).	If you check this box	Hvis du merker av i denne boksen, beholdes dine kunder og leverandører (skyldnere og kreditorer).	
760	Behold varer.	Keep goods.	Behold varer.	
761	Hvis du afmærker dette felt beholdes dine varer.	If you check this box	Hvis du merker av i denne boksen, beholdes varene dine.	
762	Er du sikker på at du vil nulstille dit regnskab? Tag en sikkerhedskopi først!	Are you sure you want to reset your accounts? Make a backup first!	Er du sikker på at du vil tilbakestille kontoene dine? Ta en sikkerhetskopi først!	
763	Direkte print til lokal printer.	Direct printing to local printer.	Direkte utskrift til lokal skriver.	
764	Hvis du vil kunne udskrive direkte til en lokal printer skal din router redirrigere data på port 9100 fra $myip direkte til din lokale printer. Herudover skal din printer være oprettet på saldi serveren. Kontakt saldi for uddybning.   	To print directly to a local printer	For å skrive ut direkte til en lokal skriver, må ruteren din omdirigere data på port 9100 fra $ myip direkte til din lokale skriver. I tillegg må skriveren være satt opp på saldoserveren. Kontaktbalanser for utdyping.	
765	Font str.	Font size	Skriftstørrelse	
766	Fontstørrelse på tekster som ikke er knap tekster i POS	Font size for texts that are not scarce texts in POS	Skriftstørrelse for tekster som ikke er knappe tekster i POS	
767	`Mit salg` findes i debitorkonti. Anvendes til at give provisions kunder adgang til at se deres salg (loppemarkeder og lign.). 	My sales` can be found in debtor accounts. Used to give commission customers access to see their sales (flea markets and the like).	`Salget mitt 'finnes i debitorkontoer. Brukes for å gi kommisjonskunder tilgang til å se deres salg (loppemarkeder og lignende).	
768	Aktivér `Mit salg`	Activate `My sales`	"Aktiver ""Mitt salg"""	
769	Bank BIC	Bank BIC	Bank BIC	
770	Moms	VAT	Mva	
771	Debitor-/kreditorgrupper	Debtor / creditor groups	Gjeld / kreditorgrupper	
772	Afdelinger	Departments	Avdelinger	
773	Projekter	Projects	Prosjekter	
774	Varegrupper	Product groups	Produktgrupper	
775	Rabatgrp	Discount grp	Rabatgrp	
776	Valuta	Currency	Valuta	
777	Brugere	Users	Brukere	
778	Regnskabså	Accounting 	Regnskap	
779	Stamdata	Master data	Stamdata	
780	Formularer	Forms	Skjemaer	
781	Enheder/materialer	Units / materials	Enheter / materialer	
782	Diverse	Miscellaneous	Diverse	
783	Kontoindstillinger	Account settings	Kontoinnstillinger	
784	Provisionsberegning 	Commission calculation	Provisjonsberegning	
785	Personlige valg	Personal choices	Personlige valg	
786	Ordrerelaterede valg	Order-related choices	Bestillingsrelaterte valg	
787	Varerelaterede valg	Item-related choices	Varerelaterte valg	
788	Variantrelaterede valg	Variation-related choices	Variasjonsrelaterte valg	
789	Shoprelaterede valg	Shop-related choices	Butikkrelaterte valg	
790	API	API	API	
791	Mærkater	Labels	Klistremerker	
792	Prislister	Price lists	Prislister	
793	Rykkerrelaterede valg	Reminder-related choices	Påminnelsesrelaterte valg	
794	Diverse valg	Various choices	Ulike valg	
795	Aktivér Paperflow	Activate Paperflow	Aktiver Paperflow	
796	Tjeklister	Checklists	Sjekklister	
797	Bilagshåndtering	Document management	Dokumenthåndtering	
798	Øredifferencer	Annual differences	Øreforskjeller	
799	Mass invoicing	Mass invoicing	Massefakturering	
800	PoS selection	PoS selection	PoS-valg	
801	Sprog	Language	Språk	
802	Import & eksport	Import & export	Import Eksport	
803	Skabelon	Template	Mal	
804
805
806
807
808
809
810
811
812
813
814
815
816
817	Afmærkes feltet anvendes HTML/CSS til formulargenerering. 	If the field is checked, HTML / CSS is used for form generation.	Hvis feltet er merket av, brukes HTML / CSS for generering av skjemaer.	
818	Brug HTML/CSS til formulargenerering	Use HTML / CSS for form generation	Bruk HTML / CSS for generering av skjemaer	
819	API Nøgle	API Key	API-nøkkel	
820	API nøglen er en unik nøgle til verificering af din adgang til regnskabet.	The API key is a unique key for verifying your access to the accounts.	API-nøkkelen er en unik nøkkel for å verifisere din tilgang til kontoene.	
821	Tilladte IP adresser	Allowed IP addresses	Tillatte IP-adresser	
822	Angiv hvilke IP adresser der har adgang til at bruge API`et. Brug komma som separator. 	Specify which IP addresses have access to use the API. Use comma as separator.	Spesifiser hvilke IP-adresser som har tilgang til å bruke API. Bruk komma som skilletegn.	
823	Brugernavn	User name	Brukernavn	
824	Vælg den bruger som anvendes som reference til ordrer og logs mm. OBS. Brugeren skal være specielt oprettet til API	Select the user that is used as a reference for orders and logs etc. NOTE. The user must be specially created for the API	Velg brukeren som brukes som referanse for bestillinger og logger etc. MERK. Brukeren må være spesielt opprettet for API	
825	Ingen brugere uden rettigheder. Opret en bruger uden rettigheder og vælg denne for at aktivere API.	No users without rights. Create an unauthorized user and select it to enable the API.	Ingen brukere uten rettigheter. Opprett en uautorisert bruker og velg den for å aktivere API.	
826	
827	
828	 
829	API Klient	API Client	API-klient	
830	Hvis der skal integreres med webshop skal du her angive den fulde url til api klienten	If you want to integrate with the webshop, you must enter the full url for the api client here	Hvis du vil integrere med nettbutikken, må du oppgi hele url for api-klienten her	
831	Saldi db:	Balances db:	Saldo db:	
832	Skal sættes som variablen $db i api klienten.	Must be set as the variable $ db in the api client.	Må angis som variabelen $ db i api-klienten.	
833	Kontonr for inkassoadvokat.	Account number for debt collection lawyer.	Kontonummer for inkassoadvokat.	
834	Ved at udfylde dette felt med kontonummer for din inkassoadvokat (kreditor)	By filling in this field with the account number of your debt collection lawyer (creditor)	Ved å fylle ut dette feltet med kontonummeret til din inkassoadvokat (kreditor)	
835	Saldi url:	Sold url:	Solgt url:	
836	Skal sættes som variablen $url i api klienten.	Must be set as the variable $ url in the api client.	Må angis som variabelen $ url i api-klienten.	
837	Hvis feltet er afmærket vil `udtages fra kasse` som default være 0	If the field is marked, `taken out of box` will by default be 0	"Hvis feltet er merket, vil ""tas ut av boksen"" som standard 0"	
838	Sæt `udtages fra kasse` til 0	Set `taken out of box` to 0	"Sett ""tatt ut av esken"" til 0"	
839	Er dette felt afmærket skal der foretages valg af bruger / ekspedient inden ekspedition.	If this field is marked, a choice of user / clerk must be made before dispatch.	Hvis dette feltet er merket, må du velge bruker / ekspeditør før utsendelse.	
840	Tvungen brugervalg	Forced user choice	Tvunget brukervalg	
841	Kreditor kontonummer til inkassoselskab 	Creditor account number for debt collection company	Kreditorens kontonummer for inkassoselskapet	
842	Ved udfyldelse af dette felt sendes relevante dokumenter til inkassoselskab pr mail eller via API	When filling in this field, relevant documents are sent to the debt collection company by e-mail or via API	Når du fyller ut dette feltet, sendes relevante dokumenter til inkassoselskapet via e-post eller via API	
843	Vælg om varetekster skal opdateres fra varekort eller overføres uændrede.	Choose whether item texts are to be updated from item cards or transferred unchanged.	Velg om varetekster skal oppdateres fra varekort eller overføres uendret.	
844	Opdater varetekster.	Update item texts.	Oppdater varetekster.	
845	Varetekster opdateres fra varekort	Item texts are updated from item cards	Varetekster oppdateres fra varekort	
846	Varetekster forbliver uændrede	Item texts remain unchanged	Varetekster forblir uendret	
847	Kundedisplay	Customer display	Kundedisplay	
848	Afmærk hvis der er tilsluttet kundedisplay til kasse.	Check if the customer display is connected to the box.	Sjekk om kundedisplayet er koblet til esken.	
849	Regnskab	Financial Accounting	Finansregnskap	
850	Saldo for drift- og statuskonti samt summering af disse for valgte konti i valgt periode.	Balance for operating and status accounts and summation of these for selected accounts in the selected period.	Saldo for drifts- og statuskontoer og summering av disse for utvalgte kontoer i valgt periode.	
851	Er du sikker på at du vil slette dit regnskab? Denne handling kan ikke fortrydes! - Tag en sikkerhedskopi først!	Are you sure you want to delete your accounts? This action can not be undone! - Make a backup first!	Er du sikker på at du vil slette kontoene dine? Denne handlingen kan ikke angres! - Ta en sikkerhetskopi først!	
852	Slet regnskab	Delete accounts	Slett kontoer	
853	Hvis du sætter flueben i feltet og klikker på `Slet` slettes regnskabet og din konto lukkes. Vi beholder en sikkerhedskopi i 5 år jf. bogføringsloven. 	If you check the box and click on `Delete`, the accounts will be deleted and your account will be closed. We keep a backup copy for 5 years, cf. the Accounting Act.	Hvis du merker av i boksen og klikker på `Slett`, vil kontoene bli slettet og kontoen din vil bli stengt. Vi oppbevarer en sikkerhetskopi i 5 år, jf. Regnskapsloven.	
854	Gavekortnumre	Gift card numbers	Gavekortnummer	
855	Afmærk hvis hvert gavekort eller tilgodebevis skal have eget nummer.	Check if each gift card or voucher must have its own number.	Sjekk om hvert gavekort eller kupong må ha sitt eget nummer.	
856	Gavekorttekst	Gift card text	Gavekorttekst	
857	Angiv den tekst	Enter that text	Skriv inn teksten	
858	Vælg gavekort først før du kan tilføje en gavekorttekst.	Select gift card first before you can add a gift card text.	Velg gavekort først før du kan legge til en gavekorttekst.	
859	Vælg rækkefølge kort skal vises i	Select the order in which cards are to be displayed	Velg rekkefølgen kortene skal vises i	
860	Aktivt	Active	Aktiv	
861	Afmærk om kortet skal vises i ordrer. Inaktive kort bruges til genkendelse ved integreret terminal og import fra feks. webshop.	Check whether the card should be displayed in orders. Inactive cards are used for recognition by integrated terminal and import from e.g. webshop.	Sjekk om kortet skal vises i bestillinger. Inaktive kort brukes til gjenkjenning av integrert terminal og import fra f.eks. nettbutikk.	
862	Pos	Pos	Pos	
863	Afmærk	Check	Kryss av	
864	Ret i kortsum v. kasseopt.	Right in short sum v. Checkout.	Rett i kort sum v. Kasse.	
865	GLS ID	GLS ID	GLS ID	
866	Skriv dit GLS ID hvis du har en konto hoS GLS og vil kunne sende oprette GLS labels fra Saldi.	Write your GLS ID if you have an account with GLS and will be able to send create GLS labels from Saldi.	Skriv din GLS-ID hvis du har en konto med GLS og vil kunne sende opprette GLS-etiketter fra Saldi.	
867	GLS Brugernavn	GLS Username	GLS Brukernavn	
868	Skriv dit brugernavn hos GLS	Write your username at GLS	Skriv brukernavnet ditt på GLS	
869	GLS adgangskode	GLS password	GLS-passord	
870	Skriv din adgangskode hos GLS	Enter your password at GLS	Skriv inn passordet ditt på GLS	
871	Saldo for driftkonti i valgt år og foregående år og summering af disse for valgte konti i valgt periode.	Balance sheet for current accounts in selected year and previous year and summation of these for selected accounts in selected period.	Balanse for løpende kontoer i valgt år og foregående år og sammendrag av disse for utvalgte kontoer i valgt periode.	
872	Resultat/Sidste år	Result / Last year	Resultat / I fjor	
873	GLS Kontakt Id	GLS Contact Id	GLS-kontakt-ID	
874	Skriv dit Kontakt Id hos GLS	Write your Contact Id at GLS	Skriv din kontakt-ID på GLS	
875	Sidste faktura	Last invoice	Siste faktura	
876	ClientID til API	ClientID for API	ClientID for API	
877	Skriv det ClientID som benyttestil bestilling af fragt via API hos Danske Fragtmænd. Kontakt Saldi.DK på telefon 4690 2208 og hør om hvordan.	Write the ClientID as the style for ordering freight via API at Danske Fragtmænd. Contact Saldi.DK on telephone 4690 2208 and hear about how.	Skriv ClientID som stil for bestilling av frakt via API hos Danske Fragtmænd. Kontakt Saldi.DK på telefon 4690 2208 og hør om hvordan.	
878	API-brugernavn	API username	API brukernavn	
879	Brugernavn til Danske Fragtmænds API-løsning.	Username for Danske Fragtmænds API solution.	Brukernavn for Danske Fragtmænds API-løsning.	
880	API-password	API password	API-passord	
881	Password til Danske Fragtmænds API-løsning.	Password for Danske Fragtmænd's API solution.	Passord for Danske Fragtmænds API-løsning.	
882	Danske Fragtmænd aftalenummer	Danske Fragtmænd agreement number	Danske Fragtmænd avtalenummer	
883	Dit aftalenummer til Danske Fragtmænd, som ofte er virksomhedens telefonnummer.	Your agreement number to Danske Fragtmænd, which is often the company's telephone number.	Avtalenummeret ditt til Danske Fragtmænd, som ofte er selskapets telefonnummer.	
884	Hub	Hub	Hub	
885	En kode bestående af to bogstaver angiver den hub, som virksomheden benytter hos Danske Fragtmænd.	A code consisting of two letters indicates the hub that the company uses at Danske Fragtmænd.	En kode bestående av to bokstaver indikerer navet som selskapet bruker på Danske Fragtmænd.	
886	Shippingtype som standard	Shipping type as standard	Leveringstype som standard	
887	Den shippingtype der benyttes som standard hos Danske Fragtmænd fx Stykgods, PalleEnhedsForsendelse m.v.	The type of shipping used as standard at Danske Fragtmænd, eg general cargo, Pallet Unit Shipping, etc.	Frakttypen som brukes som standard hos Danske Fragtmænd, f.eks. Stykkgods, Palleenhet, etc.	
888	Godstype som standard	Freight type as standard	Godstype som standard	
889	Den godstype der benyttes som standard hos Danske Fragtmænd fx C10 eller PL1	The type of goods used as standard at Danske Fragtmænd, eg C10 or PL1	Varetypen som brukes som standard hos Danske Fragtmænd, f.eks. C10 eller PL1	
890	Betalingmetode som standard	Payment method by default	Betalingsmåte som standard	
891	Den betalingsmetode, der benyttes som standard hos Danske Fragtmænd fx Prepaid	The payment method used by default at Danske Fragtmænd eg Prepaid	Betalingsmetoden som brukes som standard hos Danske Fragtmænd, f.eks. Forhåndsbetalt	
892	API-URL	API URL	API-URL	
893	URL for den API-server som skal benyttes til Danske Fragtmænd. Skal starte med https:// eller https:// og slutte uden skråstreg.	URL for the API server to be used for Danske Fragtmænd. Must start with https: // or https: // and end without a slash.	URL for API-serveren som skal brukes for Danske Fragtmænd. Må starte med https: // eller https: // og slutte uten skråstrek.	
894	Fejlkode	Error code	Feil kode	
895	Fejlbesked	Error message	Feilmelding	
896	Not authorized	Not authorized	Ikke autorisert	
897	Access to data is forbidden	Access to data is forbidden	Tilgang til data er forbudt	
898	Opret fragtbrev til Danske Fragtmænd	Create consignment note for Danske Fragtmænd	Lag fraktbrev for Danske Fragtmænd	
899	Fragtbrev	Shipping letter	Fraktbrev	
900	Shippingtype som standard	Shipping type as standard	Leveringstype som standard	
901	Beskrivelse af gods der angives som standard hos Danske Fragtmænd fx Havemøbler	Description of goods that are specified as standard at Danske Fragtmænd, eg Garden Furniture	Beskrivelse av varer som er spesifisert som standard hos Danske Fragtmænd, f.eks. Hagemøbler	
902	Kontakt Saldi.DK på telefon 46902208 og hør om hvordan.	Contact Saldi.DK on telephone 46902208 and hear about how.	Kontakt Saldi.DK på telefon 46902208 og hør om hvordan.	
903	Beskrivelse af gods som standard	Description of goods as standard	Varebeskrivelse som standard	
904	Levering til privatadresse	Delivery to private address	Levering til privat adresse	
905	Afhentningsadresse er en anden end hovedadressen	Pickup address is different from the main address	Hentningsadresse er forskjellig fra hovedadressen	
906	Markeres hvis der skal hentes gods fra en anden adresse end hovedadressen.	Marked if goods are to be picked up from an address other than the main address.	Merkes hvis varer skal hentes fra en annen adresse enn hovedadressen.	
907	Firmanavn	Company name	Selskapsnavn	
908	Angiv navnet på det firma eller privatperson, der skal gods hentes fra.	Enter the name of the company or individual from whom the goods are to be collected.	Skriv inn navnet på selskapet eller personen som varene skal hentes fra.	
909	Eventuelt ekstra navn	Possibly extra name	Muligens ekstra navn	
910	Angiv hvis der er et ekstra navn eller undernavn til afhentningsted fx c/o ...	Indicate if there is an extra name or subname for the collection point, eg c / o ...	Angi om det er et ekstra navn eller undernavn for samlepunktet, f.eks c / o ...	
911	Adresse	Address	Adresse	
912	Angiv vejnavn, husnummer, etage m.v.	Enter street name, house number, floor, etc.	Skriv inn gatenavn, husnummer, etasje osv.	
913	Eventuelt ekstra adresselinje	Any additional address bar	Eventuell tilleggsadresselinje	
914	Angiv eventuelt lokalitet eller andet, som er en del af den officielle adresse.	Indicate any location or other that is part of the official address.	Angi hvilket som helst sted eller annet som er en del av den offisielle adressen.	
915	Postnummer	Zip code	Post kode	
916	Angiv postnummeret for afhentningstedet	Enter the postcode for the collection point	Skriv inn postnummeret for innsamlingsstedet	
917	Bynavn	City name	By Navn	
918	Angiv bynavn eller postdistrikt for afhentningsstedet	Enter city name or postal district for the pickup location	Angi bynavn eller postdistrikt for hentestedet	
919	Danske Fragtmænd	Danish Freightmen	Danske fraktmenn	
920	Afleveringsmetode som standard	Delivery method by default	Leveringsmåte som standard	
921	Den afleveringsmetode, der skal benyttes som standard fx LUK	The delivery method to be used as standard, eg CLOSE	Leveringsmetoden som skal brukes som standard, f.eks. STENG	
922	Benyt debitors kontonummer som telefonnumer på ordre	Use the debtor's account number as telephone numbers on order	Bruk skyldnerens kontonummer som telefonnummer på bestilling	
923	Når en ordre oprettes flyttes debitors kontonummer over på ordren, hvis der ikke er angivet et telefonnummer på debitorkortet. Kan dog rettes på ordren efterfølgende.	When an order is created, the debtor's account number is transferred to the order if a telephone number is not specified on the debtor card. Can, however, be corrected on the order afterwards.	Når en ordre opprettes, overføres skyldnerens kontonummer til bestillingen hvis et telefonnummer ikke er spesifisert på gjeldskortet. Kan imidlertid korrigeres på bestillingen etterpå.	
924	Klik her for at synkronisere debitorkort med debitor-informationer fra ordren	Click here to synchronize debtor cards with debtor information from the order	Klikk her for å synkronisere debitorkort med debitorinformasjon fra bestillingen	
925	Klik her for at synkronisere ordren med debitor-informationer fra debitorkort	Click here to synchronize the order with debtor information from debtor cards	Klikk her for å synkronisere ordren med debitorinformasjon fra debitorkort	
